"admin_id","name","email","password"
1,"Khoa Đăng","dangkhoa0521@gmail.com","$2b$10$DYOTPrUbfPQA7MVLW1Ibou99KYccfl3wn23BnsYdGaa76.076mmcC"
2,"Jane Smith","jane@example.com","password456"
3,"Michael Johnson","michael@example.com","password789"
4,"Emily Brown","emily@example.com","password101"
5,"Christopher Lee","chris@example.com","password202"
6,"Jessica Davis","jessica@example.com","password303"
7,"Matthew Wilson","matthew@example.com","password404"
8,"Sarah Taylor","sarah@example.com","password505"
9,"Daniel Martinez","daniel@example.com","password606"
10,"Linda Anderson","linda@example.com","password707"
