"enterprise_id","name","email","password"
1,"ABC Enterprise","abc@example.com","password123"
2,"XYZ Corporation","xyz@example.com","password456"
3,"Sunshine Enterprises","sunshine@example.com","password789"
4,"Golden Shuttle Company","golden@example.com","password101"
5,"Eagle Corporation","eagle@example.com","password202"
6,"Dream Enterprise","dream@example.com","password303"
7,"Victory Corporation","victory@example.com","password404"
8,"Elite Enterprise","elite@example.com","password505"
9,"Greenwood Corporation","greenwood@example.com","password606"
10,"Redwood Enterprises","redwood@example.com","password707"
