"payment_id","description","path"
2,"Participate Court 2 Description","https://example.com/participate2"
3,"Participate Court 3 Description","https://example.com/participate3"
4,"Participate Court 4 Description","https://example.com/participate4"
5,"Participate Court 5 Description","https://example.com/participate5"
6,"Participate Court 6 Description","https://example.com/participate6"
7,"Participate Court 7 Description","https://example.com/participate7"
8,"Participate Court 8 Description","https://example.com/participate8"
9,"Participate Court 9 Description","https://example.com/participate9"
10,"Participate Court 10 Description","https://example.com/participate10"
